<?xml version="1.0" encoding="UTF-8"?>
<project-private xmlns="http://www.netbeans.org/ns/project-private/1">
    <editor-bookmarks xmlns="http://www.netbeans.org/ns/editor-bookmarks/2" lastBookmarkId="0"/>
    <open-files xmlns="http://www.netbeans.org/ns/projectui-open-files/2">
        <group>
            <file>file:/C:/Users/WILLIAM/Documents/NetBeansProjects/pregunta1_pc2/src/pregunta1_pc2/Mis_Password.java</file>
            <file>file:/C:/Users/WILLIAM/Documents/NetBeansProjects/pregunta1_pc2/src/pregunta1_pc2/Pregunta1_pc2.java</file>
            <file>file:/C:/Users/WILLIAM/Documents/NetBeansProjects/pregunta1_pc2/src/pregunta1_pc2/usuario.java</file>
            <file>file:/C:/Users/WILLIAM/Documents/NetBeansProjects/pregunta1_pc2/src/pregunta1_pc2/usuario_array.java</file>
        </group>
    </open-files>
</project-private>
